Subcategory,Month of Year,Sales Territory Region,Sales Amount,Gross Profit,Ratio to All Products
Bib-Shorts,January,Canada,1943.784,607.4316,0.231917599
Bib-Shorts,January,Central,593.934,185.6041,0.190897866
Bib-Shorts,January,France,593.934,185.6041,0.232712024
Bib-Shorts,January,Northeast,107.988,33.7462,0.02467179
Bib-Shorts,January,Northwest,485.946,151.8579,0.05147897
Bib-Shorts,January,Southeast,863.904,269.9696,0.200165027
Bib-Shorts,January,Southwest,1619.82,506.193,0.12818122
Bib-Shorts,January,United Kingdom,323.964,101.2386,0.079182975
Bib-Shorts,February,Canada,2159.76,674.924,0.177042777
Bib-Shorts,February,Central,53.994,16.8731,0.007844392
Bib-Shorts,February,France,971.892,303.7158,0.114731618
Bib-Shorts,February,Northeast,1187.868,371.2082,0.216755293
Bib-Shorts,February,Northwest,1835.796,573.6854,0.116100144
Bib-Shorts,February,Southeast,593.934,185.6041,0.082892706
Bib-Shorts,February,Southwest,1187.868,371.2082,0.057520403
Bib-Shorts,February,United Kingdom,485.946,151.8579,0.085281735
Bib-Shorts,March,Canada,593.934,185.6041,0.044170542
Bib-Shorts,March,Central,269.97,84.3655,0.041379278
Bib-Shorts,March,France,107.988,33.7462,0.028092236
Bib-Shorts,March,Northeast,1079.88,337.462,0.241793712
Bib-Shorts,March,Northwest,593.934,185.6041,0.056031326
Bib-Shorts,March,Southeast,593.934,185.6041,0.117878893
Bib-Shorts,March,Southwest,3293.634,1029.2591,0.182808325
Bib-Shorts,April,Canada,2807.688,877.4012,0.226561923
Bib-Shorts,April,Central,1619.82,506.193,0.366519367
Bib-Shorts,April,France,886.6175,255.5622,0.237158652
Bib-Shorts,April,Northeast,431.952,134.9848,0.0753205
Bib-Shorts,April,Northwest,755.916,236.2234,0.069916075
Bib-Shorts,April,Southeast,1835.796,573.6854,0.324695851
Bib-Shorts,April,Southwest,2159.76,674.924,0.133045714
Bib-Shorts,April,United Kingdom,863.904,269.9696,0.201730499
Bib-Shorts,May,Canada,4319.52,1349.848,0.295475607
Bib-Shorts,May,Central,701.922,219.3503,0.080471717
Bib-Shorts,May,France,1295.856,404.9544,0.122176757
Bib-Shorts,May,Northeast,2105.766,658.0509,0.322426124
Bib-Shorts,May,Northwest,2915.676,911.1474,0.153076548
Bib-Shorts,May,Southeast,1187.868,371.2082,0.13895646
Bib-Shorts,May,Southwest,3100.3715,947.3593,0.115533257
Bib-Shorts,May,United Kingdom,1511.832,472.4468,0.245254399
Bib-Shorts,June,Canada,3654.044,1055.581,0.259111044
Bib-Shorts,June,Central,1619.82,506.193,0.23455802
Bib-Shorts,June,Northeast,1403.844,438.7006,0.26034266
Bib-Shorts,June,Northwest,971.892,303.7158,0.082075555
Bib-Shorts,June,Southeast,1241.862,388.0813,0.209477486
Bib-Shorts,June,Southwest,5833.6738,1713.2539,0.274185195
Bib-Shorts,June,United Kingdom,107.988,33.7462,0.011750886
Bib-Shorts,July,Canada,3883.9684,1137.0218,0.281664572
Bib-Shorts,July,Central,2429.73,759.2895,0.478411872
Bib-Shorts,July,France,1781.802,556.8123,0.524482494
Bib-Shorts,July,Northeast,1835.796,573.6854,0.344981771
Bib-Shorts,July,Northwest,809.91,253.0965,0.078712111
Bib-Shorts,July,Southeast,2861.682,894.2743,0.027250517
Bib-Shorts,July,Southwest,2989.5398,910.7694,0.175685533
Bib-Shorts,July,United Kingdom,647.928,202.4772,0.144442653
Bib-Shorts,August,Canada,6705.8388,1991.4845,0.394422265
Bib-Shorts,August,Central,1295.856,404.9544,0.136791705
Bib-Shorts,August,France,2259.181,662.9823,0.202924487
Bib-Shorts,August,Northeast,3424.3355,1048.5979,0.439388488
Bib-Shorts,August,Northwest,2938.3895,896.74,0.162436406
Bib-Shorts,August,Southeast,1835.796,573.6854,0.204575351
Bib-Shorts,August,Southwest,5939.34,1856.041,0.264006825
Bib-Shorts,August,United Kingdom,1781.802,556.8123,0.278957085
Bib-Shorts,September,Canada,6070.0415,1875.3798,0.393115369
Bib-Shorts,September,Central,2753.694,860.5281,0.412728033
Bib-Shorts,September,France,377.958,118.1117,0.068284883
Bib-Shorts,September,Northeast,2321.742,725.5433,0.363073756
Bib-Shorts,September,Northwest,1133.874,354.3351,0.097721701
Bib-Shorts,September,Southeast,1531.7018,455.1957,0.217205434
Bib-Shorts,September,Southwest,8145.0759,2317.0946,0.321055842
Bib-Shorts,September,United Kingdom,809.91,253.0965,0.085327914
Bib-Shorts,October,Canada,2537.718,793.0357,0.22677099
Bib-Shorts,October,Central,1511.832,472.4468,0.353580158
Bib-Shorts,October,France,1079.88,337.462,0.445696503
Bib-Shorts,October,Northeast,539.94,168.731,0.100442636
Bib-Shorts,October,Northwest,323.964,101.2386,0.034079528
Bib-Shorts,October,Southeast,1511.832,472.4468,0.316039567
Bib-Shorts,October,Southwest,2159.76,674.924,0.138753241
Bib-Shorts,October,United Kingdom,994.6055,289.3084,0.225716734
Bib-Shorts,November,Canada,3077.658,961.7667,0.211091378
Bib-Shorts,November,Central,377.958,118.1117,0.039507726
Bib-Shorts,November,France,1403.844,438.7006,0.141137939
Bib-Shorts,November,Northeast,1295.856,404.9544,0.186776852
Bib-Shorts,November,Northwest,1889.79,590.5585,0.097073966
Bib-Shorts,November,Southeast,377.958,118.1117,0.040622954
Bib-Shorts,November,Southwest,1997.778,624.3047,0.089965068
Bib-Shorts,November,United Kingdom,917.898,286.8427,0.157907282
Bib-Shorts,December,Canada,3077.658,961.7667,0.187491667
Bib-Shorts,December,Central,863.904,269.9696,0.115848879
Bib-Shorts,December,Northeast,1673.814,523.0661,0.299475893
Bib-Shorts,December,Northwest,539.94,168.731,0.037649019
Bib-Shorts,December,Southeast,1295.856,404.9544,0.184618912
Bib-Shorts,December,Southwest,5470.4201,1684.0883,0.232373793
Bib-Shorts,December,United Kingdom,377.958,118.1117,0.04014164
Caps,January,Australia,404.55,79.2019,0.046804906
Caps,January,Canada,374.6055,29.9558,0.044695094
Caps,January,Central,100.411,-14.6622,0.03227336
Caps,January,France,188.375,18.7027,0.073808079
Caps,January,Germany,307.645,9.9861,0.09792859
Caps,January,Northeast,115.763,-14.7332,0.026448128
Caps,January,Northwest,232.08,23.1562,0.024585529
Caps,January,Southeast,168.6655,-22.5907,0.039079498
Caps,January,Southwest,542.165,14.5881,0.042903144
Caps,January,United Kingdom,385.74,39.4731,0.094282206
Caps,February,Australia,481.864,108.0598,0.056439611
Caps,February,Canada,612.4621,-14.2515,0.050205574
Caps,February,Central,136.7165,-19.2441,0.019862538
Caps,February,France,332.5605,15.5235,0.039258687
Caps,February,Germany,276.892,13.8446,0.06939459
Caps,February,Northeast,178.2085,-18.6387,0.032518458
Caps,February,Northwest,459.2495,27.8999,0.02904404
Caps,February,Southeast,141.2805,-17.2095,0.019717886
Caps,February,Southwest,724.9375,37.1403,0.035103814
Caps,February,United Kingdom,335.534,51.264,0.058884983
Caps,March,Australia,503.0804,32.364,0.048918142
Caps,March,Canada,538.43,-2.1159,0.040042741
Caps,March,Central,244.9981,-40.1464,0.037551745
Caps,March,France,264.306,35.8701,0.068757145
Caps,March,Germany,311.054,54.9289,0.074229782
Caps,March,Northeast,132.5675,-22.3469,0.029682917
Caps,March,Northwest,349.503,36.6495,0.032971873
Caps,March,Southeast,144.0189,-21.2407,0.028583628
Caps,March,Southwest,660.417,14.363,0.036655477
Caps,March,United Kingdom,365.7545,41.9471,0.050231219
Caps,April,Australia,251.72,44.051,0.026927956
Caps,April,Canada,600.9583,-15.4668,0.048493375
Caps,April,Central,281.642,-45.1882,0.063727604
Caps,April,France,356.8711,37.8377,0.095458379
Caps,April,Germany,384.4124,-3.2364,0.081758762
Caps,April,Northeast,145.914,-16.284,0.025443372
Caps,April,Northwest,377.2825,28.0682,0.034895559
Caps,April,Southeast,219.7005,-18.9843,0.038858261
Caps,April,Southwest,755.5394,-25.7284,0.046542801
Caps,April,United Kingdom,426.3744,9.04,0.099562822
Caps,May,Australia,393.762,68.4139,0.040953873
Caps,May,Canada,1118.8143,-111.4875,0.076532192
Caps,May,Central,189.204,-22.2294,0.021691257
Caps,May,France,329.1515,-1.7301,0.031033281
Caps,May,Germany,392.151,18.3468,0.07675777
Caps,May,Northeast,327.6976,-44.0318,0.050175692
Caps,May,Northwest,760.5876,-22.5434,0.039931777
Caps,May,Southeast,295.3544,-31.4945,0.034550474
Caps,May,Southwest,835.1685,15.7524,0.031121992
Caps,May,United Kingdom,393.5916,20.7205,0.063849734
Caps,June,Australia,469.278,47.0177,0.041773694
Caps,June,Canada,931.3742,-42.5177,0.066044454
Caps,June,Central,257.8735,-32.6526,0.03734137
Caps,June,France,313.3845,27.5738,0.059042109
Caps,June,Germany,357.802,60.1431,0.076407437
Caps,June,Northeast,232.4664,-34.0793,0.043110859
Caps,June,Northwest,467.479,41.0355,0.039478253
Caps,June,Southeast,161.5768,-41.3757,0.027254801
Caps,June,Southwest,1166.2902,-24.7419,0.054816145
Caps,June,United Kingdom,436.084,48.2833,0.047453175
Caps,July,Australia,233.74,53.7602,0.035818165
Caps,July,Canada,633.059,-33.1714,0.045909306
Caps,July,Central,350.6195,-129.8326,0.069036696
Caps,July,France,327.8387,-8.5764,0.096500991
Caps,July,Germany,277.657,-40.7688,0.075423836
Caps,July,Northeast,215.6234,-43.4293,0.04051983
Caps,July,Northwest,373.4095,18.9278,0.036290267
Caps,July,Southeast,336.4103,-44.9794,0.003203485
Caps,July,Southwest,806.6656,-43.995,0.047405114
Caps,July,United Kingdom,333.37,-2.5894,0.074318207
Caps,August,Australia,373.984,41.7136,0.053835942
Caps,August,Canada,1289.6101,-160.759,0.075851948
Caps,August,Central,286.6753,-50.1963,0.030261698
Caps,August,France,512.685,-69.8515,0.046050467
Caps,August,Germany,438.4342,-66.8937,0.103742472
Caps,August,Northeast,398.6362,-57.2062,0.051150408
Caps,August,Northwest,731.5901,-78.2018,0.040442857
Caps,August,Southeast,364.5494,-48.5429,0.040624242
Caps,August,Southwest,1014.4483,-32.7934,0.045092767
Caps,August,United Kingdom,478.3022,18.6745,0.0748825
Caps,September,Australia,621.7484,-28.9478,0.070428565
Caps,September,Canada,940.1838,-144.6168,0.06088932
Caps,September,Central,289.8225,-39.8032,0.043439057
Caps,September,France,260.295,7.5551,0.047026954
Caps,September,Germany,239.134,10.6981,0.081115391
Caps,September,Northeast,264.0787,-62.9232,0.041296598
Caps,September,Northwest,438.2141,-25.8073,0.037767007
Caps,September,Southeast,224.3515,-42.2886,0.031814525
Caps,September,Southwest,1035.4103,-115.5696,0.040812944
Caps,September,United Kingdom,433.8417,-24.8746,0.04570731
Caps,October,Australia,260.71,59.9633,0.03237667
Caps,October,Canada,438.572,-9.4546,0.039190882
Caps,October,Central,274.8855,-42.7024,0.064288928
Caps,October,France,222.0525,15.6204,0.091647241
Caps,October,Germany,302.251,11.5144,0.079486611
Caps,October,Northeast,155.5826,-29.5504,0.028942339
Caps,October,Northwest,229.452,20.8518,0.024137299
Caps,October,Southeast,315.1325,-37.9414,0.065876591
Caps,October,Southwest,805.4727,-26.9702,0.051747392
Caps,October,United Kingdom,489.2289,-4.2508,0.11102608
Caps,November,Australia,276.892,41.5338,0.035787543
Caps,November,Canada,875.3738,-83.6281,0.060040414
Caps,November,Central,275.5489,-42.3436,0.028802963
Caps,November,France,451.5873,-42.1962,0.045401128
Caps,November,Germany,384.4124,-30.9256,0.100814257
Caps,November,Northeast,279.4495,-38.2903,0.040278162
Caps,November,Northwest,717.7455,-26.3811,0.03686886
Caps,November,Southeast,270.943,-22.0935,0.029120974
Caps,November,Southwest,853.8395,-24.9478,0.038450583
Caps,November,United Kingdom,363.2645,18.2345,0.062492902
Caps,December,Australia,557.425,-3.2813,0.051605437
Caps,December,Canada,973.2953,-110.6126,0.059293384
Caps,December,Central,326.7914,-37.8448,0.043822482
Caps,December,France,374.3295,46.985,0.0673175
Caps,December,Germany,248.124,40.455,0.055184684
Caps,December,Northeast,234.2644,-39.2036,0.04191418
Caps,December,Northwest,515.748,25.0649,0.035962155
Caps,December,Southeast,132.5675,-24.2489,0.018886719
Caps,December,Southwest,1068.8239,-16.7362,0.045401753
Caps,December,United Kingdom,387.953,45.2232,0.041203175
Gloves,January,Australia,612.25,383.2675,0.070835012
Gloves,January,Canada,1842.3849,773.2062,0.219819426
Gloves,January,Central,754.285,254.5704,0.242436696
Gloves,January,France,1191.8508,446.1591,0.466984567
Gloves,January,Germany,524.086,258.4663,0.16682541
Gloves,January,Northeast,1537.6622,371.2887,0.351306436
Gloves,January,Northwest,1358.9033,494.9103,0.143956205
Gloves,January,Southeast,1245.6738,387.8534,0.288620414
Gloves,January,Southwest,2046.0108,825.4346,0.161906977
Gloves,January,United Kingdom,662.8905,292.0841,0.16202307
Gloves,February,Australia,881.64,551.9052,0.103264445
Gloves,February,Canada,3203.2535,1193.3578,0.262581442
Gloves,February,Central,851.9632,215.9679,0.123775487
Gloves,February,France,1048.5408,397.3049,0.123779991
Gloves,February,Germany,666.128,299.756,0.1669448
Gloves,February,Northeast,1860.6304,511.3776,0.33951709
Gloves,February,Northwest,2625.3898,936.8715,0.166035951
Gloves,February,Southeast,1030.255,321.9539,0.143788072
Gloves,February,Southwest,3160.1139,1137.459,0.153022916
Gloves,February,United Kingdom,835.3602,258.9541,0.146602642
Gloves,March,Australia,587.76,367.9368,0.057152151
Gloves,March,Canada,2915.28,1049.3502,0.216807757
Gloves,March,Central,721.308,226.3508,0.110557485
Gloves,March,France,270.3309,110.2046,0.070324476
Gloves,March,Germany,127.348,72.3922,0.030390267
Gloves,March,Northeast,332.311,116.1041,0.074407073
Gloves,March,Northwest,863.7356,415.791,0.081484224
Gloves,March,Southeast,1201.6029,360.2229,0.23848377
Gloves,March,Southwest,3350.1757,1242.7136,0.185946589
Gloves,March,United Kingdom,1180.7798,475.2663,0.162163441
Gloves,April,Australia,979.6,594.9094,0.104793525
Gloves,April,Canada,2566.1072,949.2917,0.207067944
Gloves,April,Central,1026.8422,340.492,0.232345294
Gloves,April,France,1508.1559,565.7921,0.403412092
Gloves,April,Germany,651.434,275.9027,0.138550259
Gloves,April,Northeast,2426.6272,588.9288,0.423136773
Gloves,April,Northwest,3028.4001,961.4878,0.280102349
Gloves,April,Southeast,2092.8791,630.3727,0.370165945
Gloves,April,Southwest,2924.9418,1175.8168,0.180182507
Gloves,April,United Kingdom,907.0723,390.2714,0.211810742
Gloves,May,Australia,587.76,367.9368,0.061130959
Gloves,May,Canada,4891.4932,1647.5029,0.33460128
Gloves,May,Central,1233.1522,366.8344,0.141374505
Gloves,May,France,1753.0949,671.8939,0.165286459
Gloves,May,Germany,866.946,418.1403,0.169691882
Gloves,May,Northeast,1919.4188,551.5997,0.293893416
Gloves,May,Northwest,4562.4353,1333.858,0.23953342
Gloves,May,Southeast,1987.6463,562.4553,0.232514298
Gloves,May,Southwest,4873.179,1519.1107,0.181595735
Gloves,May,United Kingdom,1522.3468,583.9384,0.246960145
Gloves,June,Australia,1111.846,608.0845,0.098973134
Gloves,June,Canada,5075.8332,1763.805,0.3599312
Gloves,June,Central,1559.2341,508.9446,0.22578488
Gloves,June,France,559.4653,255.9922,0.105404099
Gloves,June,Germany,333.064,168.1966,0.071124718
Gloves,June,Northeast,649.3629,225.5541,0.120424253
Gloves,June,Northwest,1661.1617,763.7172,0.140283868
Gloves,June,Southeast,1680.6082,520.4985,0.283485267
Gloves,June,Southwest,5613.0721,1894.4718,0.26381682
Gloves,June,United Kingdom,2402.2616,918.3907,0.26140592
Gloves,July,Australia,538.78,318.9568,0.082562295
Gloves,July,Canada,3763.0413,1174.9365,0.272894964
Gloves,July,Central,1363.1319,450.4469,0.268399569
Gloves,July,France,1972.7568,662.2344,0.580691012
Gloves,July,Germany,733.6616,312.3338,0.199294714
Gloves,July,Northeast,3048.3556,596.0748,0.572845301
Gloves,July,Northwest,3111.4346,808.3502,0.302388642
Gloves,July,Southeast,3409.5214,847.5442,0.032467347
Gloves,July,Southwest,3016.797,1048.6185,0.17728735
Gloves,July,United Kingdom,1206.6726,466.1684,0.269003641
Gloves,August,Australia,636.74,343.6424,0.091660332
Gloves,August,Canada,6545.1626,2324.4855,0.384971655
Gloves,August,Central,1989.7293,391.9431,0.210037584
Gloves,August,France,2353.7238,847.5302,0.211416525
Gloves,August,Germany,987.0058,373.3327,0.233545699
Gloves,August,Northeast,3193.0213,938.3485,0.409707752
Gloves,August,Northwest,5006.8636,1598.609,0.276783227
Gloves,August,Southeast,2152.2422,641.986,0.239839124
Gloves,August,Southwest,4675.4781,1476.8111,0.207827491
Gloves,August,United Kingdom,2278.1788,731.8072,0.356669326
Gloves,September,Australia,1484.6034,724.3815,0.168168487
Gloves,September,Canada,6263.9568,1992.9738,0.405673947
Gloves,September,Central,2761.6951,705.5888,0.413927251
Gloves,September,France,962.45,410.6749,0.173883832
Gloves,September,Germany,367.35,156.6861,0.124606869
Gloves,September,Northeast,935.4428,330.6652,0.146284441
Gloves,September,Northwest,1866.3028,705.655,0.160845284
Gloves,September,Southeast,2226.912,678.9098,0.315790833
Gloves,September,Southwest,7811.0456,2490.0418,0.307889313
Gloves,September,United Kingdom,2779.6513,902.1297,0.292849633
Gloves,October,Australia,832.66,521.2438,0.103405155
Gloves,October,Canada,2963.7776,960.7326,0.264843762
Gloves,October,Central,1158.2015,398.4854,0.27087472
Gloves,October,France,1782.0552,590.6199,0.735503733
Gloves,October,Germany,920.824,426.2218,0.242160253
Gloves,October,Northeast,1992.1654,523.6265,0.370593665
Gloves,October,Northwest,2438.5126,741.7446,0.256520347
Gloves,October,Southeast,2611.2578,799.2666,0.54586805
Gloves,October,Southwest,2251.5558,882.2136,0.144650639
Gloves,October,United Kingdom,1097.5653,480.0121,0.249082531
Gloves,November,Australia,489.8,306.614,0.063305327
Gloves,November,Canada,4487.3757,1630.8207,0.30778154
Gloves,November,Central,1694.9405,386.0812,0.177171125
Gloves,November,France,1948.6391,744.1804,0.195909877
Gloves,November,Germany,1057.4978,416.3468,0.27733459
Gloves,November,Northeast,2217.1809,637.1589,0.319571055
Gloves,November,Northwest,4359.1472,1493.0189,0.223918904
Gloves,November,Southeast,1737.6304,558.0936,0.186760645
Gloves,November,Southwest,3132.1041,1064.0831,0.141046681
Gloves,November,United Kingdom,1189.4063,429.798,0.204615236
Gloves,December,Australia,1028.3155,515.3947,0.095199661
Gloves,December,Canada,5336.6088,1594.3576,0.325107495
Gloves,December,Central,2071.8253,508.4915,0.277830221
Gloves,December,France,705.6829,285.4476,0.126906397
Gloves,December,Germany,460.412,240.5888,0.102399166
Gloves,December,Northeast,980.5198,334.1163,0.175432899
Gloves,December,Northwest,1300.595,561.7377,0.090688087
Gloves,December,Southeast,1260.3719,425.0729,0.179563538
Gloves,December,Southwest,5579.2473,2011.6949,0.23699658
Gloves,December,United Kingdom,1822.945,620.7199,0.193608816
Jerseys,January,Australia,3816.076,653.5166,0.441505575
Jerseys,January,Canada,5718.8313,-144.3355,0.682327679
Jerseys,January,Central,2953.1039,-654.5871,0.949164776
Jerseys,January,France,3273.9672,-111.1244,1.282788212
Jerseys,January,Germany,3617.2832,-478.3314,1.15144223
Jerseys,January,Northeast,1734.1744,-406.7505,0.396203164
Jerseys,January,Northwest,3802.6672,238.0679,0.402837743
Jerseys,January,Southeast,2968.7284,-721.0104,0.687849113
Jerseys,January,Southwest,7718.9166,-373.6856,0.610821045
Jerseys,January,United Kingdom,4891.4337,-354.8128,1.195559602
Jerseys,February,Australia,2985.434,671.2529,0.349676948
Jerseys,February,Canada,9462.8688,-838.692,0.77570312
Jerseys,February,Central,1711.1912,-253.5562,0.248606424
Jerseys,February,France,5677.3624,-579.9018,0.670211273
Jerseys,February,Germany,4299.972,-506.984,1.077657694
Jerseys,February,Northeast,3499.166,-690.0467,0.638507604
Jerseys,February,Northwest,6975.8123,-355.984,0.44116711
Jerseys,February,Southeast,1645.2148,-189.3292,0.229615255
Jerseys,February,Southwest,6331.6928,-102.8961,0.306601005
Jerseys,February,United Kingdom,2574.1168,77.4556,0.45174803
Jerseys,March,Australia,5911.7111,336.426,0.574838384
Jerseys,March,Canada,8171.1532,-886.5856,0.607684133
Jerseys,March,Central,2336.6607,-509.8682,0.358148434
Jerseys,March,France,1967.094,-254.7025,0.511724168
Jerseys,March,Germany,2267.56,118.1358,0.541129464
Jerseys,March,Northeast,3134.815,-624.3594,0.701909985
Jerseys,March,Northwest,3142.142,307.8805,0.296427521
Jerseys,March,Southeast,2274.252,-528.0479,0.451373903
Jerseys,March,Southwest,10275.104,-505.8894,0.570304579
Jerseys,March,United Kingdom,4688.7274,-414.0065,0.643930535
Jerseys,April,Australia,3586.524,568.6938,0.383671389
Jerseys,April,Canada,8012.9181,-896.8902,0.646589698
Jerseys,April,Central,4412.2848,-935.5451,0.998375025
Jerseys,April,France,4978.6567,-223.0695,1.331725928
Jerseys,April,Germany,3951.5024,-487.4629,0.8404254
Jerseys,April,Northeast,3210.7578,-715.3145,0.559867495
Jerseys,April,Northwest,5517.6557,-0.6402,0.510338223
Jerseys,April,Southeast,5351.9398,-1146.3237,0.946593547
Jerseys,April,Southwest,12123.8493,-1165.0849,0.746854367
Jerseys,April,United Kingdom,5889.0103,-795.4906,1.375144674
Jerseys,May,Australia,4104.426,635.4605,0.426887668
Jerseys,May,Canada,14643.6745,-2185.7729,1.001696626
Jerseys,May,Central,2997.8363,-525.6636,0.343686386
Jerseys,May,France,6780.6379,-983.4712,0.639296611
Jerseys,May,Germany,5372.8436,-858.3429,1.051654826
Jerseys,May,Northeast,4926.7406,-1003.4043,0.754362011
Jerseys,May,Northwest,9653.4813,-850.9831,0.506819548
Jerseys,May,Southeast,3081.594,-414.4773,0.360483989
Jerseys,May,Southwest,11234.3012,-276.461,0.418638671
Jerseys,May,United Kingdom,4154.5336,-105.4122,0.673962214
Jerseys,June,Australia,9130.5125,-369.4857,0.812770328
Jerseys,June,Canada,13188.5207,-1937.6692,0.935208051
Jerseys,June,Central,4516.5744,-824.9766,0.654022515
Jerseys,June,France,3816.162,-324.9508,0.71897063
Jerseys,June,Germany,2987.026,-103.1611,0.637869547
Jerseys,June,Northeast,4646.775,-1046.3888,0.86174373
Jerseys,June,Northwest,5828.4996,282.3396,0.49221245
Jerseys,June,Southeast,3342.4816,-819.0661,0.563810345
Jerseys,June,Southwest,14841.0853,-1160.2973,0.697537438
Jerseys,June,United Kingdom,5260.6386,-651.1354,0.572444762
Jerseys,July,Australia,2847.062,526.7209,0.436281919
Jerseys,July,Canada,9962.273,-1527.6989,0.722461943
Jerseys,July,Central,7121.2639,-1905.6369,1.402171102
Jerseys,July,France,4381.5922,-771.5558,1.28974398
Jerseys,July,Germany,4909.2043,-1089.4807,1.333555505
Jerseys,July,Northeast,3877.4093,-867.6425,0.728640615
Jerseys,July,Northwest,6334.4773,-333.5107,0.615624056
Jerseys,July,Southeast,7419.2213,-1615.159,0.070649925
Jerseys,July,Southwest,13098.0128,-2526.6747,0.769727621
Jerseys,July,United Kingdom,6190.8065,-1142.7373,1.380117101
Jerseys,August,Australia,3781.5218,173.9871,0.544359618
Jerseys,August,Canada,21236.1166,-4063.7303,1.249060329
Jerseys,August,Central,3881.7647,-785.5214,0.409762513
Jerseys,August,France,9593.1856,-2026.8074,0.861680525
Jerseys,August,Germany,7370.0144,-1925.1869,1.743895697
Jerseys,August,Northeast,7356.0591,-1903.17,0.94388172
Jerseys,August,Northwest,11760.1438,-2151.368,0.650109692
Jerseys,August,Southeast,5442.2914,-1026.6778,0.606471893
Jerseys,August,Southwest,15603.5361,-1836.3008,0.693585487
Jerseys,August,United Kingdom,5129.8377,-614.3084,0.803122105
Jerseys,September,Australia,9460.9964,-1033.6416,1.071694602
Jerseys,September,Canada,16458.0815,-3363.6543,1.06587818
Jerseys,September,Central,6120.4436,-1236.9309,0.917341814
Jerseys,September,France,3643.0805,-452.1909,0.658187747
Jerseys,September,Germany,4065.5972,-718.2665,1.379069928
Jerseys,September,Northeast,6397.538,-1647.6363,1.000446282
Jerseys,September,Northwest,7220.4124,-786.9317,0.622283415
Jerseys,September,Southeast,5036.5115,-1465.5726,0.714210603
Jerseys,September,Southwest,17677.6593,-2869.7173,0.696803303
Jerseys,September,United Kingdom,6253.3722,-1503.8135,0.658822836
Jerseys,October,Australia,3408.952,495.8264,0.423345917
Jerseys,October,Canada,6973.7297,-752.5187,0.623173887
Jerseys,October,Central,5326.0144,-1350.2641,1.245623198
Jerseys,October,France,3692.0685,-554.8709,1.523819332
Jerseys,October,Germany,4479.3945,-744.8168,1.178000689
Jerseys,October,Northeast,3196.6203,-716.7621,0.59465305
Jerseys,October,Northwest,4543.457,-107.2278,0.477950848
Jerseys,October,Southeast,4704.813,-891.3661,0.983513423
Jerseys,October,Southwest,10852.221,-1159.2768,0.697198225
Jerseys,October,United Kingdom,5630.0763,-697.05,1.277694963
Jerseys,November,Australia,4469.556,478.6306,0.57767804
Jerseys,November,Canada,14742.4213,-2676.7297,1.011157843
Jerseys,November,Central,3351.4512,-529.2266,0.350325206
Jerseys,November,France,7208.3427,-1266.0782,0.724703478
Jerseys,November,Germany,5243.4195,-1194.0808,1.375115481
Jerseys,November,Northeast,6230.2111,-1458.3406,0.897984976
Jerseys,November,Northwest,8988.2834,-808.661,0.461706493
Jerseys,November,Southeast,4124.0956,-571.0134,0.443258103
Jerseys,November,Southwest,11721.1136,-800.6007,0.52783181
Jerseys,November,United Kingdom,3502.2596,4.4675,0.602498637
Jerseys,December,Australia,7350.206,-386.8233,0.680469294
Jerseys,December,Canada,12900.9539,-1781.0249,0.785929222
Jerseys,December,Central,5555.5184,-952.7898,0.744990857
Jerseys,December,France,3949.0159,-119.3814,0.710170788
Jerseys,December,Germany,3511.324,-251.7122,0.780945435
Jerseys,December,Northeast,4925.5281,-1103.3589,0.881266932
Jerseys,December,Northwest,5585.3824,-7.2285,0.389458397
Jerseys,December,Southeast,3772.4918,-889.4688,0.53746198
Jerseys,December,Southwest,15419.0618,-1809.7795,0.654974537
Jerseys,December,United Kingdom,5901.243,-425.7238,0.626751039
Shorts,January,Australia,979.86,613.3918,0.1133661
Shorts,January,Canada,4069.398,1826.3895,0.485529778
Shorts,January,Central,977.85,340.6073,0.314293302
Shorts,January,France,2110.3391,764.9059,0.826861711
Shorts,January,Northeast,1127.838,422.5083,0.257674767
Shorts,January,Northwest,3429.9384,1418.6545,0.363352502
Shorts,January,Southeast,3089.1208,990.2965,0.715743819
Shorts,January,Southwest,4064.6228,1744.5158,0.321645805
Shorts,January,United Kingdom,1085.838,495.2263,0.265399498
Shorts,February,Australia,629.91,341.9707,0.073779895
Shorts,February,Canada,5439.192,2297.1778,0.445868826
Shorts,February,Central,2009.8818,674.8905,0.292000991
Shorts,February,France,2813.2515,1057.5799,0.332103666
Shorts,February,Germany,447.936,186.173,0.112261586
Shorts,February,Northeast,1205.814,417.2351,0.220029975
Shorts,February,Northwest,6409.2714,2661.3402,0.405337704
Shorts,February,Southeast,2345.658,865.0521,0.327372972
Shorts,February,Southwest,4626.983,2056.9853,0.224053453
Shorts,February,United Kingdom,1317.81,561.5581,0.231270807
Shorts,March,Australia,1945.722,1081.9041,0.189196608
Shorts,March,Canada,6202.8966,2435.9411,0.461305981
Shorts,March,Central,3088.5743,1078.7208,0.473396951
Shorts,March,France,321.954,138.7199,0.083753823
Shorts,March,Germany,993.858,391.8031,0.237173811
Shorts,March,Northeast,719.88,224.962,0.161186852
Shorts,March,Northwest,5039.5525,2218.2337,0.475427926
Shorts,March,Southeast,1115.832,397.1996,0.221460702
Shorts,March,Southwest,6759.0784,2815.6117,0.375152734
Shorts,March,United Kingdom,1955.718,782.0757,0.268590266
Shorts,April,Australia,1049.85,657.2055,0.112308577
Shorts,April,Canada,7764.0905,2920.1877,0.62651095
Shorts,April,Central,1451.772,491.4022,0.328494867
Shorts,April,France,1646.6656,592.0325,0.440461636
Shorts,April,Northeast,2350.6703,775.372,0.409891987
Shorts,April,Northwest,6990.1152,2113.7423,0.646528736
Shorts,April,Southeast,3209.7985,1120.987,0.567714635
Shorts,April,Southwest,4786.0396,2124.2103,0.294830007
Shorts,April,United Kingdom,835.872,326.65,0.195184737
Shorts,May,Australia,881.874,489.2295,0.091720775
Shorts,May,Canada,6807.0408,2703.2264,0.4656338
Shorts,May,Central,2247.9151,637.8581,0.257711809
Shorts,May,France,5549.6521,1987.3867,0.523235989
Shorts,May,Germany,461.934,173.9947,0.090416762
Shorts,May,Northeast,3226.1865,1009.3543,0.493980246
Shorts,May,Northwest,7151.9188,2705.3808,0.375484464
Shorts,May,Southeast,4024.4364,1441.136,0.470777424
Shorts,May,Southwest,6500.3076,2826.185,0.242229587
Shorts,May,United Kingdom,2346.6864,924.1547,0.380687248
Shorts,June,Australia,1595.772,810.483,0.142050748
Shorts,June,Canada,11045.105,4222.2453,0.783216811
Shorts,June,Central,4094.0228,1398.8652,0.592834935
Shorts,June,France,511.926,225.4171,0.096447624
Shorts,June,Germany,1273.818,514.7053,0.272019631
Shorts,June,Northeast,827.862,258.7063,0.153526884
Shorts,June,Northwest,5501.6942,2504.2933,0.464613977
Shorts,June,Southeast,1715.742,611.6171,0.289411642
Shorts,June,Southwest,7855.4366,3201.4908,0.369208923
Shorts,June,United Kingdom,2853.8665,1102.9152,0.310548026
Shorts,July,Australia,699.9,438.137,0.107252218
Shorts,July,Canada,6746.9725,2496.1131,0.489289027
Shorts,July,Central,2009.688,690.002,0.395705942
Shorts,July,France,2208.8604,783.0388,0.650189309
Shorts,July,Germany,139.98,87.6274,0.038024716
Shorts,July,Northeast,2557.9027,684.6523,0.480679663
Shorts,July,Northwest,5016.623,1735.574,0.487546746
Shorts,July,Southeast,4385.352,1227.6034,0.041759745
Shorts,July,Southwest,4023.3385,1583.3641,0.236438521
Shorts,July,United Kingdom,1537.4355,564.1921,0.342740647
Shorts,August,Australia,1455.792,722.8556,0.209564937
Shorts,August,Canada,8325.0272,3366.4064,0.489659264
Shorts,August,Central,3168.3112,935.7446,0.334449731
Shorts,August,France,5259.059,2011.3383,0.472379969
Shorts,August,Germany,461.934,173.9947,0.109303004
Shorts,August,Northeast,2853.4106,790.3463,0.366131113
Shorts,August,Northwest,10201.1961,3366.4641,0.563929878
Shorts,August,Southeast,5423.9312,1676,0.60442589
Shorts,August,Southwest,7892.5838,2826.397,0.350829552
Shorts,August,United Kingdom,2617.614,988.5327,0.409810951
Shorts,September,Australia,2211.684,1059.9268,0.25052856
Shorts,September,Canada,11178.0064,3608.9076,0.72392357
Shorts,September,Central,4751.8065,1451.7332,0.71220831
Shorts,September,France,1741.5262,720.6505,0.314637902
Shorts,September,Germany,1734.4082,635.0036,0.588319519
Shorts,September,Northeast,1043.826,326.1949,0.163233394
Shorts,September,Northwest,6267.9373,2517.1453,0.540195381
Shorts,September,Southeast,1847.718,647.4703,0.262018619
Shorts,September,Southwest,13216.5994,4723.8921,0.520960946
Shorts,September,United Kingdom,4080.1964,1465.4272,0.429868314
Shorts,October,Australia,769.89,481.9507,0.095609967
Shorts,October,Canada,7095.7047,2878.6027,0.634073597
Shorts,October,Central,1463.772,500.5414,0.342340111
Shorts,October,France,1790.9761,711.5971,0.739185636
Shorts,October,Northeast,3761.5273,977.828,0.699740186
Shorts,October,Northwest,5354.7152,1990.8461,0.563291492
Shorts,October,Southeast,3759.669,1104.9917,0.785936641
Shorts,October,Southwest,4504.9221,1960.6716,0.289417594
Shorts,October,United Kingdom,1401.786,560.8545,0.318122671
Shorts,November,Australia,1217.826,720.4763,0.157400721
Shorts,November,Canada,7276.1572,2810.1658,0.499059366
Shorts,November,Central,3618.645,853.97,0.378254816
Shorts,November,France,4397.346,1691.7465,0.442094955
Shorts,November,Germany,461.934,173.9947,0.121144721
Shorts,November,Northeast,2184.9121,751.9385,0.314920026
Shorts,November,Northwest,7626.7622,2895.1457,0.391768425
Shorts,November,Southeast,2627.61,950.4673,0.282415719
Shorts,November,Southwest,6729.0354,2599.4738,0.303025724
Shorts,November,United Kingdom,2613.1095,861.7291,0.449536897
Shorts,December,Australia,2211.684,1164.632,0.20475386
Shorts,December,Canada,8295.5331,2949.9894,0.505365876
Shorts,December,Central,2560.3299,918.375,0.343338322
Shorts,December,France,811.884,393.0632,0.146005059
Shorts,December,Germany,1681.5658,555.9849,0.373993153
Shorts,December,Northeast,683.892,229.8834,0.122360769
Shorts,December,Northwest,5278.6459,2132.7696,0.368070228
Shorts,December,Southeast,1205.82,433.4046,0.171791601
Shorts,December,Southwest,10773.5958,4193.1888,0.457643339
Shorts,December,United Kingdom,3423.0075,1020.5095,0.363546037
Socks,January,Australia,89.9,56.277,0.01040109
Socks,January,Canada,218.0729,107.049,0.026018808
Socks,January,Central,142.08,54.4562,0.045666301
Socks,January,France,8.99,5.6277,0.003522413
Socks,January,Germany,35.96,15.7862,0.011446674
Socks,January,Northeast,48.546,18.2853,0.011091202
Socks,January,Northwest,181.98,90.7559,0.019278156
Socks,January,Southeast,158.376,63.4156,0.036695439
Socks,January,Southwest,429.909,191.1857,0.03401999
Socks,January,United Kingdom,82.708,42.3604,0.020215411
Socks,February,Australia,89.9,56.277,0.010529778
Socks,February,Canada,192.118,84.3544,0.015748557
Socks,February,Central,302.178,116.6395,0.043901226
Socks,February,France,115.072,54.5506,0.013584222
Socks,February,Germany,66.526,29.5407,0.016672726
Socks,February,Northeast,86.304,32.5072,0.015748256
Socks,February,Northwest,191.582,83.4784,0.012116105
Socks,February,Southeast,265.1591,99.9644,0.037007067
Socks,February,Southwest,799.3225,326.8665,0.038705776
Socks,February,United Kingdom,73.718,36.7327,0.012937238
Socks,March,Australia,44.95,28.1385,0.004370813
Socks,March,Canada,444.4502,184.6691,0.033053515
Socks,March,Central,143.304,55.5442,0.021964722
Socks,March,France,26.97,16.8831,0.007016035
Socks,March,Germany,25.172,11.7228,0.006007034
Socks,March,Northeast,147.168,56.2159,0.032952084
Socks,March,Northwest,308.803,126.6948,0.029132263
Socks,March,Southeast,186.762,72.0698,0.037066909
Socks,March,Southwest,419.1751,193.527,0.023265699
Socks,March,United Kingdom,93.496,46.4238,0.012840356
Socks,April,Australia,80.91,50.6493,0.008655415
Socks,April,Canada,143.878,66.3411,0.011610007
Socks,April,Central,258.1391,92.9104,0.058409564
Socks,April,France,26.97,16.8831,0.007214124
Socks,April,Germany,70.122,39.8613,0.0149139
Socks,April,Northeast,56.2091,19.2238,0.009801315
Socks,April,Northwest,393.3241,163.6677,0.036379276
Socks,April,Southeast,220.77,88.4843,0.039047423
Socks,April,Southwest,485.7369,196.5791,0.029922405
Socks,April,United Kingdom,44.95,28.1385,0.010496289
Socks,May,Australia,98.89,61.9047,0.010285219
Socks,May,Canada,360.364,151.0174,0.024650603
Socks,May,Central,596.1648,185.3182,0.068347203
Socks,May,France,143.84,63.1448,0.013561619
Socks,May,Germany,145.638,68.3051,0.028506489
Socks,May,Northeast,284.7205,96.4317,0.043595218
Socks,May,Northwest,488.1575,200.39,0.025628864
Socks,May,Southeast,297.09,114.8798,0.034753504
Socks,May,Southwest,651.946,274.4504,0.024294329
Socks,May,United Kingdom,161.82,74.4002,0.026250977
Socks,June,Australia,71.92,45.0216,0.006402099
Socks,June,Canada,540.3032,213.3781,0.038313312
Socks,June,Central,245.484,93.8745,0.035547308
Socks,June,France,44.95,21.4139,0.008468647
Socks,June,Germany,55.738,32.2019,0.011902666
Socks,June,Northeast,254.8146,86.4956,0.04725533
Socks,June,Northwest,436.6249,193.9613,0.036872648
Socks,June,Southeast,295.368,88.9417,0.049822723
Socks,June,Southwest,522.5039,219.3869,0.02455791
Socks,June,United Kingdom,167.214,83.1565,0.018195658
Socks,July,Australia,62.93,39.3939,0.009643352
Socks,July,Canada,314.733,129.6025,0.022824371
Socks,July,Central,305.3168,113.4617,0.060116631
Socks,July,France,53.94,27.0416,0.015877514
Socks,July,Germany,75.516,35.1684,0.020513462
Socks,July,Northeast,72.3911,25.3189,0.013603696
Socks,July,Northwest,224.826,93.2883,0.021849994
Socks,July,Southeast,205.392,80.3409,0.001955856
Socks,July,Southwest,542.9672,200.0126,0.031908417
Socks,July,United Kingdom,59.334,29.0733,0.013227334
Socks,August,Australia,53.94,33.7662,0.007764799
Socks,August,Canada,577.234,237.2337,0.033951598
Socks,August,Central,445.1479,151.7098,0.046990206
Socks,August,France,176.204,75.335,0.015827022
Socks,August,Germany,115.5215,34.8263,0.027334743
Socks,August,Northeast,456.6848,154.0778,0.058598827
Socks,August,Northwest,426.5088,186.9015,0.023577731
Socks,August,Southeast,404.5078,151.5193,0.045077081
Socks,August,Southwest,1107.1603,412.5545,0.049213865
Socks,August,United Kingdom,140.244,59.5488,0.021956456
Socks,September,Australia,89.9,56.277,0.010183425
Socks,September,Canada,618.0927,247.8317,0.040029667
Socks,September,Central,153.629,56.0543,0.023026159
Socks,September,France,77.314,33.6041,0.013968159
Socks,September,Germany,8.99,5.6277,0.003049451
Socks,September,Northeast,273.8069,92.0387,0.042817893
Socks,September,Northwest,427.5937,181.4658,0.036851699
Socks,September,Southeast,362.8922,126.5112,0.051460511
Socks,September,Southwest,595.6537,235.3776,0.023478983
Socks,September,United Kingdom,185.194,80.9627,0.019511079
Socks,October,Australia,125.86,78.7878,0.015630117
Socks,October,Canada,269.1475,107.1451,0.024051075
Socks,October,Central,208.5089,77.1752,0.048765081
Socks,October,France,32.364,18.9148,0.013357523
Socks,October,Germany,106.082,48.9229,0.02789767
Socks,October,Northeast,54.246,20.589,0.010091142
Socks,October,Northwest,430.6628,170.1677,0.045303752
Socks,October,Southeast,236.1805,87.2533,0.049372141
Socks,October,Southwest,609.0725,235.8572,0.03912971
Socks,October,United Kingdom,80.91,37.2001,0.018361794
Socks,November,Australia,80.91,50.6493,0.010457399
Socks,November,Canada,388.788,169.5925,0.026666314
Socks,November,Central,388.871,136.1205,0.040648455
Socks,November,France,89.9,36.1032,0.009038255
Socks,November,Germany,43.152,22.9782,0.011316848
Socks,November,Northeast,157.344,59.7353,0.022678613
Socks,November,Northwest,600.5901,235.3877,0.030850868
Socks,November,Southeast,408.4825,151.9957,0.04390373
Socks,November,Southwest,865.1898,340.195,0.038961716
Socks,November,United Kingdom,201.376,93.7824,0.034642996
Socks,December,Australia,116.87,73.1601,0.010819621
Socks,December,Canada,479.7673,186.3632,0.02922754
Socks,December,Central,275.3351,103.4838,0.036922231
Socks,December,France,52.142,21.8813,0.00937695
Socks,December,Germany,37.758,20.9465,0.008397669
Socks,December,Northeast,267.2502,92.4106,0.047815942
Socks,December,Northwest,451.8187,188.5393,0.031504483
Socks,December,Southeast,275.9471,104.0278,0.039313823
Socks,December,Southwest,611.5603,257.4648,0.025978002
Socks,December,United Kingdom,122.264,61.7426,0.012985245
Tights,January,Canada,1889.748,590.5452,0.225470433
Tights,January,Central,854.886,267.1514,0.274771124
Tights,January,France,719.904,224.9696,0.282068912
Tights,January,Northeast,719.904,224.9696,0.164474947
Tights,January,Northwest,494.934,154.6666,0.052431119
Tights,January,Southeast,1349.82,421.818,0.312750904
Tights,January,Southwest,1304.826,407.7574,0.103254799
Tights,January,United Kingdom,494.934,154.6666,0.120971301
Tights,February,Canada,1799.76,562.424,0.147532369
Tights,February,Central,584.922,182.7878,0.084979029
Tights,February,France,764.898,239.0302,0.090296026
Tights,February,Northeast,1214.838,379.6362,0.221676623
Tights,February,Northwest,1439.808,449.9392,0.091056913
Tights,February,Southeast,674.91,210.909,0.094194163
Tights,February,Southwest,2609.652,815.5148,0.126367774
Tights,February,United Kingdom,764.898,239.0302,0.134236785
Tights,March,Canada,1844.754,576.4846,0.137193332
Tights,March,Central,1484.802,463.9998,0.227580971
Tights,March,France,89.988,28.1212,0.023409677
Tights,March,Northeast,809.892,253.0908,0.181341253
Tights,March,Northwest,359.952,112.4848,0.033957625
Tights,March,Southeast,944.874,295.2726,0.187530434
Tights,March,Southwest,4099.8308,1192.0912,0.227555096
Tights,March,United Kingdom,224.97,70.303,0.030896454
Tights,April,Canada,3410.0353,1028.1635,0.275167382
Tights,April,Central,1709.772,534.3028,0.386872956
Tights,April,France,989.868,309.3332,0.264776818
Tights,April,Northeast,899.88,281.212,0.156914222
Tights,April,Northwest,1394.814,435.8786,0.129008937
Tights,April,Southeast,2069.724,646.7876,0.366070519
Tights,April,Southwest,2808.5555,859.7513,0.173012868
Tights,April,United Kingdom,764.898,239.0302,0.178611576
Tights,May,Canada,4634.382,1448.2418,0.317013657
Tights,May,Central,989.868,309.3332,0.113483233
Tights,May,France,1394.814,435.8786,0.131506781
Tights,May,Northeast,2654.646,829.5754,0.406468344
Tights,May,Northwest,3359.927,978.0552,0.176400267
Tights,May,Southeast,1619.784,506.1816,0.189481871
Tights,May,Southwest,3644.514,1138.9086,0.135810361
Tights,May,United Kingdom,1169.844,365.5756,0.189775972
Tights,June,Canada,4653.1295,1374.1891,0.329956958
Tights,June,Central,1619.784,506.1816,0.234552807
Tights,June,France,359.952,112.4848,0.067815495
Tights,June,Northeast,1683.7055,508.2363,0.312242934
Tights,June,Northwest,1501.3598,449.6242,0.126788717
Tights,June,Southeast,854.886,267.1514,0.144202311
Tights,June,Southwest,6802.2829,1976.6725,0.319710243
Tights,June,United Kingdom,404.946,126.5454,0.044064844
Tights,July,Canada,4071.1996,1194.3934,0.295242539
Tights,July,Central,2347.4345,646.0975,0.462207954
Tights,July,France,1307.6381,348.7027,0.384909935
Tights,July,Northeast,1773.6935,536.3575,0.333311503
Tights,July,Northwest,1484.802,463.9998,0.144302329
Tights,July,Southeast,2972.6111,838.2065,0.028306845
Tights,July,Southwest,3665.3763,1036.0373,0.215402246
Tights,July,United Kingdom,854.886,267.1514,0.19057982
Tights,August,Canada,6377.2696,1953.7934,0.375096569
Tights,August,Central,1799.76,562.424,0.189984256
Tights,August,France,2818.4917,715.0205,0.253162975
Tights,August,Northeast,2991.5386,826.2006,0.383854801
Tights,August,Northwest,3570.4539,1033.9151,0.197377407
Tights,August,Southeast,2448.6035,747.2665,0.272864698
Tights,August,Southwest,5032.189,1536.7148,0.22368348
Tights,August,United Kingdom,2053.1062,599.2364,0.321432191
Tights,September,Canada,5242.9408,1592.7996,0.339549674
Tights,September,Central,1349.82,421.818,0.202313167
Tights,September,France,269.964,84.3636,0.048773832
Tights,September,Northeast,2294.694,717.0906,0.358843993
Tights,September,Northwest,1754.766,548.3634,0.151232605
Tights,September,Southeast,854.886,267.1514,0.121228482
Tights,September,Southwest,8444.4215,2134.0079,0.332855199
Tights,September,United Kingdom,539.928,168.7272,0.056884012
Tights,October,Canada,3123.5135,958.1755,0.279117794
Tights,October,Central,2889.0348,847.4304,0.675673871
Tights,October,France,1636.3418,491.806,0.675363761
Tights,October,Northeast,1484.802,463.9998,0.276211109
Tights,October,Northwest,449.94,140.606,0.047331625
Tights,October,Southeast,2313.6215,705.0847,0.483648936
Tights,October,Southwest,3635.0053,1098.4665,0.233530007
Tights,October,United Kingdom,674.91,210.909,0.153164728
Tights,November,Canada,7087.6649,2138.3209,0.486130996
Tights,November,Central,1169.844,365.5756,0.1222831
Tights,November,France,1034.862,323.3938,0.104041681
Tights,November,Northeast,2955.3559,882.8181,0.425967139
Tights,November,Northwest,3194.574,998.3026,0.164097581
Tights,November,Southeast,1754.766,548.3634,0.188602381
Tights,November,Southwest,3869.484,1209.2116,0.17425279
Tights,November,United Kingdom,1728.6995,522.2969,0.297390603
Tights,December,Canada,3599.52,1124.848,0.219283626
Tights,December,Central,1889.748,590.5452,0.253413792
Tights,December,France,404.946,126.5454,0.072823414
Tights,December,Northeast,1546.3538,463.6848,0.276670936
Tights,December,Northwest,1799.76,562.424,0.12549394
Tights,December,Southeast,1034.862,323.3938,0.147435438
Tights,December,Southwest,7027.8828,2109.4722,0.29853206
Tights,December,United Kingdom,269.964,84.3636,0.028671962
Vests,January,Australia,1016,588.518,0.117547361
Vests,January,Canada,1876.9076,831.9516,0.223938413
Vests,January,Central,1381.6076,502.8946,0.444066078
Vests,January,France,863.6,388.62,0.338371105
Vests,January,Germany,1219.2,554.228,0.388091916
Vests,January,Northeast,876.3,330.073,0.200206411
Vests,January,Northwest,1371.6,659.13,0.145301237
Vests,January,Southeast,1271.3208,463.8548,0.294562778
Vests,January,Southwest,2641.6,1121.664,0.209037739
Vests,January,United Kingdom,1117.6,452.628,0.273162736
Vests,February,Australia,939.8,512.318,0.11007659
Vests,February,Canada,2933.7,1200.023,0.240485237
Vests,February,Central,495.3,186.563,0.071958506
Vests,February,France,2070.735,812.038,0.244449771
Vests,February,Germany,1745.9325,605.9805,0.43756508
Vests,February,Northeast,1451.1274,548.6654,0.264793348
Vests,February,Northwest,1826.1076,781.1516,0.115487427
Vests,February,Southeast,444.5,183.261,0.062036872
Vests,February,Southwest,2184.4,1091.946,0.1057757
Vests,February,United Kingdom,1117.6,500.126,0.196134689
Vests,March,Australia,2400.6175,1023.1755,0.233429385
Vests,March,Canada,3832.3965,1552.4925,0.285013203
Vests,March,Central,762,287.02,0.116794495
Vests,March,France,939.8,464.82,0.244481643
Vests,March,Germany,812.8,385.318,0.193966214
Vests,March,Northeast,1066.8,401.828,0.238864996
Vests,March,Northwest,723.9,367.665,0.068292229
Vests,March,Southeast,1433.7284,507.5174,0.284554035
Vests,March,Southwest,2829.4076,1190.7266,0.157042119
Vests,March,United Kingdom,1614.2208,640.5118,0.221690445
Vests,April,Australia,838.2,505.714,0.089667142
Vests,April,Canada,2737.2247,1098.5437,0.220875999
Vests,April,Central,1143,430.53,0.258628512
Vests,April,France,1283.0175,475.5515,0.343190498
Vests,April,Germany,1872.1388,732.1868,0.398175894
Vests,April,Northeast,1435.4175,485.4575,0.250297173
Vests,April,Northwest,1449.1208,689.1528,0.134031874
Vests,April,Southeast,2063.2166,685.7746,0.364919561
Vests,April,Southwest,2949.7274,1334.7954,0.181709351
Vests,April,United Kingdom,1817.4208,748.7158,0.424386511
Vests,May,Australia,1536.7,800.481,0.159827045
Vests,May,Canada,5951.9249,2270.8299,0.407139826
Vests,May,Central,609.6,229.616,0.069887479
Vests,May,France,2865.1708,941.5018,0.270135939
Vests,May,Germany,3260.5536,1194.3906,0.638205238
Vests,May,Northeast,1707.0388,590.8358,0.261374675
Vests,May,Northwest,3458.953,1440.288,0.181599253
Vests,May,Southeast,990.6,373.126,0.115880106
Vests,May,Southwest,4508.4492,1824.8122,0.168004324
Vests,May,United Kingdom,1130.3,489.077,0.183361013
Vests,June,Australia,3945.236,1522.838,0.351192856
Vests,June,Canada,5188.4263,1958.5623,0.367915262
Vests,June,Central,1257.3,473.583,0.182063315
Vests,June,France,1079.5,438.277,0.203379415
Vests,June,Germany,1041.4,423.926,0.222387534
Vests,June,Northeast,1425.575,475.615,0.264372671
Vests,June,Northwest,2327.4274,1021.2324,0.19654951
Vests,June,Southeast,990.6,373.126,0.167094571
Vests,June,Southwest,3614.4201,1453.2611,0.16987931
Vests,June,United Kingdom,2516.8226,854.3926,0.273872057
Vests,July,Australia,635,397.51,0.097306985
Vests,July,Canada,2768.7589,1035.0819,0.200789813
Vests,July,Central,2123.9163,722.7253,0.418197402
Vests,July,France,1721.9105,605.7075,0.506853126
Vests,July,Germany,2630.0113,801.3383,0.714426582
Vests,July,Northeast,1879.4921,573.2971,0.353193118
Vests,July,Northwest,1092.2,522.224,0.106146816
Vests,July,Southeast,2283.46,811.022,0.021744368
Vests,July,Southwest,5089.0615,1764.2015,0.299067596
Vests,July,United Kingdom,2217.4201,816.2291,0.494329681
Vests,August,Australia,1130.3,536.575,0.162709541
Vests,August,Canada,5356.86,2032,0.315078385
Vests,August,Central,2012.0039,682.0599,0.21238891
Vests,August,France,5165.6172,1603.2672,0.463986826
Vests,August,Germany,3620.497,1126.852,0.85668342
Vests,August,Northeast,2561.2789,827.6019,0.328646671
Vests,August,Northwest,3748.4558,1207.3128,0.207217487
Vests,August,Southeast,1371.6,516.636,0.152846804
Vests,August,Southwest,3972.4076,1621.2566,0.176575633
Vests,August,United Kingdom,1626.9208,629.4628,0.254709044
Vests,September,Australia,4162.2599,1597.3679,0.471480094
Vests,September,Canada,4974.9139,1555.0579,0.322191391
Vests,September,Central,2115.5152,761.8222,0.31707678
Vests,September,France,1944.4208,733.2218,0.351294446
Vests,September,Germany,1664.0175,619.0615,0.564442659
Vests,September,Northeast,2314.575,723.392,0.361952982
Vests,September,Northwest,2300.0208,946.3278,0.198224799
Vests,September,Southeast,1407.3251,457.3651,0.199567996
Vests,September,Southwest,4187.19,1598.549,0.16504718
Vests,September,United Kingdom,3310.363,1149.204,0.348762663
Vests,October,Australia,571.5,357.759,0.070972601
Vests,October,Canada,1753.235,660.781,0.156669432
Vests,October,Central,1572.1076,574.6496,0.367677131
Vests,October,France,1814.0426,697.8396,0.748705822
Vests,October,Germany,1805.3558,665.4038,0.474776306
Vests,October,Northeast,1752.2317,588.5307,0.325959866
Vests,October,Northwest,1028.7,529.971,0.108214524
Vests,October,Southeast,2427.4463,812.5143,0.507443339
Vests,October,Southwest,3986.9936,1445.8506,0.256143407
Vests,October,United Kingdom,1904.6889,717.2389,0.432251942
Vests,November,Australia,914.4,439.42,0.11818373
Vests,November,Canada,5714.6381,2199.7861,0.391957401
Vests,November,Central,914.4,344.424,0.09558169
Vests,November,France,2913.0626,1084.3896,0.292869899
Vests,November,Germany,2375.2175,855.2815,0.622913798
Vests,November,Northeast,2511.1584,777.4814,0.361943196
Vests,November,Northwest,3267.8624,1344.1934,0.167862229
Vests,November,Southeast,1006.6274,365.4044,0.108192388
Vests,November,Southwest,3302,1449.578,0.14869753
Vests,November,United Kingdom,1244.6,484.632,0.214110286
Vests,December,Australia,2975.61,1123.188,0.275476801
Vests,December,Canada,5013.1092,1806.9942,0.305399821
Vests,December,Central,1676.4,631.444,0.224803985
Vests,December,France,952.5,453.771,0.17129272
Vests,December,Germany,1003.3,409.575,0.223141628
Vests,December,Northeast,2172.5954,723.9064,0.388716995
Vests,December,Northwest,1641.6274,715.4164,0.114467646
Vests,December,Southeast,1376.153,449.942,0.196058721
Vests,December,Southwest,3835.7048,1389.5578,0.162933972
Vests,December,United Kingdom,2418.2388,922.0518,0.256832955
